      [{
         "id":1,
         "stationName":"Jarvis St \/ Carleton St",
         "availableDocks":8,
         "totalDocks":15,
         "latitude":43.66207,
         "longitude":-79.37617,
         "statusValue":"In Service",
         "statusKey":1,
         "availableBikes":7,
         "city":"Toronto"
      },
      {
         "id":5,
         "stationName":"Church St \/ Alexander St",
         "availableDocks":7,
         "totalDocks":15,
         "latitude":43.6636,
         "longitude":-79.3806,
         "statusValue":"Out of Service",
         "statusKey":0,
         "availableBikes":8,
         "city":"Toronto"
      },
      {
         "id":6,
         "stationName":"Gould St \/ Mutual St",
         "availableDocks":15,
         "totalDocks":30,
         "latitude":43.6582,
         "longitude":-79.3768,
         "statusValue":"In Service",
         "statusKey":1,
         "availableBikes":15,
         "city":"Toronto"
      },
      {
         "id":7,
         "stationName":"St George St \/ Bloor St W",
         "availableDocks":13,
         "totalDocks":14,
         "latitude":43.667333,
         "longitude":-79.399429,
         "statusValue":"In Service",
         "statusKey":1,
         "availableBikes":1,
         "city":"Toronto"
      },
      {
         "id":8,
         "stationName":"Madison Ave \/ Bloor St W",
         "availableDocks":11,
         "totalDocks":14,
         "latitude":43.667158,
         "longitude":-79.402761,
         "statusValue":"Out of Service",
         "statusKey":0,
         "availableBikes":3,
         "city":"Toronto"
      },
      {
         "id":9,
         "stationName":"King St W \/ Spadina Ave",
         "availableDocks":9,
         "totalDocks":18,
         "latitude":43.645323,
         "longitude":-79.395003,
         "statusValue":"Out of Service",
         "statusKey":0,
         "availableBikes":9,
         "city":"Toronto"
      },
      {
         "id":10,
         "stationName":"Elizabeth St \/ Edward St",
         "availableDocks":6,
         "totalDocks":14,
         "latitude":43.656152,
         "longitude":-79.385225,
         "statusValue":"In Service",
         "statusKey":1,
         "availableBikes":8,
         "city":"Toronto"
      },
      {
         "id":11,
         "stationName":"Scott St \/ The Esplanade",
         "availableDocks":7,
         "totalDocks":18,
         "latitude":43.64656,
         "longitude":-79.375274,
         "statusValue":"In Service",
         "statusKey":1,
         "availableBikes":11,
         "city":"Toronto"
      },
      {
         "id":12,
         "stationName":"Ferry Ramp \/ Queens Quay W",
         "availableDocks":15,
         "totalDocks":22,
         "latitude":43.640823,
         "longitude":-79.376265,
         "statusValue":"In Service",
         "statusKey":1,
         "availableBikes":7,
         "city":"Toronto"
      },
      {
         "id":13,
         "stationName":"Temperance St \/ Yonge St",
         "availableDocks":14,
         "totalDocks":15,
         "latitude":43.650855,
         "longitude":-79.379492,
         "statusValue":"In Service",
         "statusKey":1,
         "availableBikes":1,
         "city":"Toronto"
      },
      {
         "id":14,
         "stationName":"Simcoe St \/ Queen St W",
         "availableDocks":9,
         "totalDocks":19,
         "latitude":43.650858,
         "longitude":-79.387582,
         "statusValue":"Out of Service",
         "statusKey":0,
         "availableBikes":10,
         "city":"Toronto"
      },
      {
         "id":15,
         "stationName":"College St \/ Borden St",
         "availableDocks":6,
         "totalDocks":11,
         "latitude":43.6571,
         "longitude":-79.4056,
         "statusValue":"In Service",
         "statusKey":1,
         "availableBikes":5,
         "city":"Toronto"
      },
      {
         "id":16,
         "stationName":"Huron St \/ Harbord St ",
         "availableDocks":10,
         "totalDocks":18,
         "latitude":43.663762,
         "longitude":-79.399782,
         "statusValue":"In Service",
         "statusKey":1,
         "availableBikes":8,
         "city":"Toronto"
      },
      {
         "id":17,
         "stationName":"Ted Rogers Way ",
         "availableDocks":20,
         "totalDocks":27,
         "latitude":43.671293,
         "longitude":-79.380471,
         "statusValue":"Out of Service",
         "statusKey":0,
         "availableBikes":7,
         "city":"Toronto"
      },
      {
         "id":18,
         "stationName":"Phoebe St \/ Spadina Ave",
         "availableDocks":13,
         "totalDocks":32,
         "latitude":43.650033,
         "longitude":-79.396555,
         "statusValue":"In Service",
         "statusKey":1,
         "availableBikes":19,
         "city":"Toronto"
      },
      {
         "id":19,
         "stationName":"Beverly St \/ Dundas St W",
         "availableDocks":18,
         "totalDocks":27,
         "latitude":43.652823,
         "longitude":-79.393388,
         "statusValue":"In Service",
         "statusKey":1,
         "availableBikes":9,
         "city":"Toronto"
      },
      {
         "id":20,
         "stationName":"Jarvis St \/ Isabella St",
         "availableDocks":18,
         "totalDocks":22,
         "latitude":43.669192,
         "longitude":-79.379128,
         "statusValue":"In Service",
         "statusKey":1,
         "availableBikes":4,
         "city":"Toronto"
      },
      {
         "id":21,
         "stationName":"Church St \/ Bloor St E",
         "availableDocks":8,
         "totalDocks":15,
         "latitude":43.671389,
         "longitude":-79.382919,
         "statusValue":"In Service",
         "statusKey":1,
         "availableBikes":7,
         "city":"Toronto"
      },
      {
         "id":22,
         "stationName":"Bathurst St \/ Dundas St",
         "availableDocks":16,
         "totalDocks":19,
         "latitude":43.6523,
         "longitude":-79.4058,
         "statusValue":"In Service",
         "statusKey":1,
         "availableBikes":3,
         "city":"Toronto"
      },
      {
         "id":23,
         "stationName":"Dundas St \/ Yonge St",
         "availableDocks":6,
         "totalDocks":15,
         "latitude":43.656094,
         "longitude":-79.381484,
         "statusValue":"Out of Service",
         "statusKey":0,
         "availableBikes":9,
         "city":"Toronto"
      },
      {
         "id":24,
         "stationName":"Simcoe St \/ Dundas St W",
         "availableDocks":4,
         "totalDocks":26,
         "latitude":43.653743,
         "longitude":-79.38882,
         "statusValue":"In Service",
         "statusKey":1,
         "availableBikes":22,
         "city":"Toronto"
      },
      {
         "id":25,
         "stationName":"Edward St \/ Yonge St",
         "availableDocks":9,
         "totalDocks":22,
         "latitude":43.656729,
         "longitude":-79.382736,
         "statusValue":"In Service",
         "statusKey":1,
         "availableBikes":13,
         "city":"Toronto"
      },
      {
         "id":26,
         "stationName":"Sherbourne St \/ Wellesley St",
         "availableDocks":26,
         "totalDocks":32,
         "latitude":43.6673,
         "longitude":-79.374,
         "statusValue":"In Service",
         "statusKey":1,
         "availableBikes":6,
         "city":"Toronto"
      },
      {
         "id":27,
         "stationName":"Lower Simcoe St \/ Lakeshore Blvd W",
         "availableDocks":10,
         "totalDocks":18,
         "latitude":43.640016,
         "longitude":-79.383186,
         "statusValue":"In Service",
         "statusKey":1,
         "availableBikes":8,
         "city":"Toronto"
      },
      {
         "id":28,
         "stationName":"Bond St \/ Queen St E",
         "availableDocks":1,
         "totalDocks":10,
         "latitude":43.653236,
         "longitude":-79.376716,
         "statusValue":"In Service",
         "statusKey":1,
         "availableBikes":9,
         "city":"Toronto"
      },
      {
         "id":29,
         "stationName":"Wellesley St E. \/ Yonge St",
         "availableDocks":9,
         "totalDocks":17,
         "latitude":43.664953,
         "longitude":-79.384423,
         "statusValue":"In Service",
         "statusKey":1,
         "availableBikes":8,
         "city":"Toronto"
      },
      {
         "id":30,
         "stationName":"Augusta Ave \/ Dundas St W",
         "availableDocks":12,
         "totalDocks":15,
         "latitude":43.652175,
         "longitude":-79.400913,
         "statusValue":"In Service",
         "statusKey":1,
         "availableBikes":3,
         "city":"Toronto"
      },
      {
         "id":31,
         "stationName":"Metro Hall Plaza",
         "availableDocks":9,
         "totalDocks":12,
         "latitude":43.645859,
         "longitude":-79.38783,
         "statusValue":"In Service",
         "statusKey":1,
         "availableBikes":3,
         "city":"Toronto"
      },
      {
         "id":32,
         "stationName":"Navy Wharf Ct. \/ Bremner Blvd.",
         "availableDocks":5,
         "totalDocks":11,
         "latitude":43.640722,
         "longitude":-79.391051,
         "statusValue":"In Service",
         "statusKey":1,
         "availableBikes":6,
         "city":"Toronto"
      },
      {
         "id":33,
         "stationName":"Simcoe St \/ Wellington St W",
         "availableDocks":8,
         "totalDocks":22,
         "latitude":43.645533,
         "longitude":-79.3854,
         "statusValue":"In Service",
         "statusKey":1,
         "availableBikes":14,
         "city":"Toronto"
      },
      {
         "id":34,
         "stationName":"Church St \/ Monteith St (Barbara Hall Park) ",
         "availableDocks":5,
         "totalDocks":11,
         "latitude":43.666755,
         "longitude":-79.381244,
         "statusValue":"In Service",
         "statusKey":1,
         "availableBikes":6,
         "city":"Toronto"
      },
      {
         "id":35,
         "stationName":"Bloor St \/ Brunswick Ave",
         "availableDocks":17,
         "totalDocks":24,
         "latitude":43.665876,
         "longitude":-79.407224,
         "statusValue":"Out of Service",
         "statusKey":0,
         "availableBikes":7,
         "city":"Toronto"
      },
      {
         "id":36,
         "stationName":"Queens Park \/ Bloor St W",
         "availableDocks":10,
         "totalDocks":17,
         "latitude":43.668327,
         "longitude":-79.39355,
         "statusValue":"In Service",
         "statusKey":1,
         "availableBikes":7,
         "city":"Toronto"
      },
      {
         "id":37,
         "stationName":"Dundas St \/ Parliament St",
         "availableDocks":6,
         "totalDocks":11,
         "latitude":43.659575,
         "longitude":-79.365769,
         "statusValue":"Out of Service",
         "statusKey":0,
         "availableBikes":5,
         "city":"Toronto"
      },
      {
         "id":38,
         "stationName":"Willcocks St \/ St. George St",
         "availableDocks":12,
         "totalDocks":17,
         "latitude":43.662237,
         "longitude":-79.397716,
         "statusValue":"In Service",
         "statusKey":1,
         "availableBikes":5,
         "city":"Toronto"
      }
   ]